"id","age","gender"
415,13,"Male"
179,97,"Female"
14,218,"Female"
195,72,"Female"
306,215,"Male"
118,323,"Female"
299,211,"Male"
229,142,"Male"
244,191,"Male"
418,28,"Male"
374,6,"Male"
153,153,"Female"
90,26,"Female"
91,129,"Male"
256,283,"Male"
197,8145,"Female"
407,68,"Male"
348,204,"Female"
137,121,"Female"
355,132,"Female"
328,34,"Male"
26,135,"Male"
7,27,"Female"
402,127,"Male"
254,231,"Female"
211,62,"Male"
78,179,"Female"
81,88,"Male"
43,60,"Male"
359,257,"Female"
373,88,"Female"
332,227,"Female"
143,147,"Female"
32,26,"Female"
109,185,"Male"
263,27,"Female"
330,127,"Male"
23,184,"Female"
309,259,"Male"
135,44,"Female"
382,36,"Male"
224,183,"Male"
166,62,"Female"
217,31,"Female"
290,78,"Male"
69,18,"Female"
72,187,"Male"
76,211,"Male"
63,9,"Male"
141,58,"Male"
210,71,"Female"
353,107,"Male"
347,105,"Female"
409,40,"Female"
294,279,"Female"
277,385,"Female"
41,26,"Female"
408,125,"Female"
316,92,"Male"
223,197,"Female"
16,145,"Female"
116,17,"Female"
94,89,"Male"
262,74,"Male"
235,146,"Female"
86,22,"Male"
342,379,"Male"
39,176,"Male"
159,4,"Female"
240,8142,"Female"
209,102,"Female"
416,41,"Male"
34,97,"Male"
4,64,"Male"
13,39,"Female"
375,191,"Male"
243,52,"Female"
308,81,"Female"
278,83,"Female"
89,103,"Male"
25,121,"Male"
291,242,"Male"
286,123,"Male"
352,7872,"Female"
121,18,"Female"
110,104,"Female"
158,30,"Male"
64,250,"Female"
199,171,"Female"
67,71,"Female"
151,32,"Female"
85,249,"Female"
165,57,"Male"
136,154,"Male"
51,129,"Female"
74,4,"Female"
178,35,"Female"
236,124,"Female"
98,7,"Male"
214,26,"Male"
127,122,"Male"
212,156,"Male"
174,19,"Male"
273,168,"Female"
302,7,"Female"
310,75,"Male"
232,100,"Female"
344,83,"Female"
280,130,"Male"
113,24,"Female"
107,11,"Female"
384,316,"Male"
154,98,"Female"
102,105,"Male"
255,114,"Female"
160,18,"Male"
155,296,"Male"
5,88,"Female"
272,63,"Female"
312,234,"Female"
288,45,"Male"
365,9,"Male"
55,380,"Male"
238,58,"Male"
252,283,"Female"
369,157,"Female"
397,19,"Female"
226,119,"Female"
48,81,"Female"
77,86,"Male"
83,49,"Female"
184,116,"Male"
295,149,"Male"
196,190,"Female"
257,269,"Male"
168,197,"Male"
358,136,"Male"
362,123,"Female"
20,117,"Female"
417,24,"Male"
164,53,"Male"
52,56,"Male"
22,90,"Male"
177,185,"Male"
42,227,"Female"
84,169,"Male"
11,236,"Male"
336,198,"Female"
329,99,"Female"
194,160,"Female"
315,188,"Female"
339,309,"Female"
198,189,"Male"
249,23,"Female"
200,74,"Female"
305,12,"Male"
250,179,"Female"
360,4,"Male"
33,116,"Female"
40,25,"Male"
10,105,"Female"
266,195,"Male"
125,142,"Female"
186,256,"Male"
61,37,"Female"
296,189,"Female"
202,319,"Male"
152,11,"Female"
372,134,"Female"
54,5,"Male"
380,32,"Male"
399,72,"Female"
356,277,"Male"
357,20,"Male"
185,99,"Female"
157,21,"Female"
115,55,"Male"
260,105,"Female"
53,226,"Female"
251,73,"Female"
205,137,"Male"
270,147,"Male"
274,168,"Male"
340,19,"Female"
279,252,"Female"
267,17,"Male"
381,42,"Female"
367,233,"Female"
215,218,"Female"
363,99,"Male"
265,72,"Male"
319,114,"Male"
253,56,"Male"
57,55,"Female"
201,90,"Female"
105,131,"Male"
101,40,"Male"
383,64,"Female"
411,180,"Male"
335,156,"Female"
134,161,"Female"
404,30,"Male"
129,73,"Female"
106,226,"Male"
311,73,"Female"
338,60,"Female"
393,23,"Female"
29,82,"Male"
248,173,"Female"
27,85,"Male"
398,25,"Female"
188,59,"Male"
343,48,"Male"
364,72,"Female"
220,70,"Male"
337,46,"Male"
93,179,"Male"
145,38,"Female"
192,42,"Male"
400,31,"Male"
227,199,"Male"
148,118,"Female"
163,208,"Male"
161,61,"Female"
66,101,"Male"
368,38,"Male"
325,122,"Male"
133,37,"Male"
117,158,"Male"
237,74,"Male"
327,312,"Male"
298,152,"Female"
283,187,"Female"
45,107,"Male"
146,40,"Female"
170,40,"Male"
351,29,"Male"
206,28,"Male"
225,157,"Male"
176,132,"Female"
203,160,"Female"
173,165,"Female"
242,119,"Male"
104,128,"Male"
324,371,"Female"
349,31,"Male"
204,146,"Male"
180,41,"Male"
2,194,"Male"
130,78,"Female"
371,267,"Male"
24,161,"Female"
171,37,"Female"
293,27,"Female"
390,30,"Female"
317,52,"Female"
346,51,"Male"
377,128,"Female"
112,85,"Male"
333,245,"Male"
80,117,"Female"
36,59,"Male"
35,120,"Female"
87,131,"Male"
331,20,"Male"
292,60,"Male"
111,179,"Male"
361,148,"Female"
366,74,"Female"
406,88,"Female"
300,28,"Female"
31,230,"Female"
73,136,"Female"
289,59,"Male"
354,154,"Female"
122,51,"Male"
207,1,"Female"
92,36,"Female"
318,108,"Male"
258,103,"Female"
392,97,"Male"
150,16,"Male"
239,102,"Female"
247,80,"Female"
376,131,"Male"
322,124,"Male"
21,348,"Female"
378,98,"Male"
284,144,"Female"
334,33,"Female"
30,117,"Male"
420,117,"Female"
156,31,"Male"
412,215,"Male"
167,208,"Female"
82,319,"Female"
96,177,"Female"
321,26,"Male"
307,34,"Female"
276,154,"Male"
261,155,"Male"
126,1,"Female"
124,51,"Male"
413,158,"Male"
301,16,"Female"
282,72,"Male"
419,24,"Male"
320,130,"Female"
142,278,"Male"
275,42,"Male"
132,192,"Female"
144,315,"Male"
8,15,"Male"
139,41,"Female"
271,119,"Female"
123,255,"Female"
175,133,"Female"
246,89,"Male"
297,159,"Female"
172,81,"Male"
19,66,"Male"
269,188,"Female"
391,66,"Male"
149,98,"Male"
285,133,"Female"
314,321,"Female"
221,44,"Female"
268,199,"Female"
385,137,"Male"
345,97,"Male"
147,136,"Male"
50,211,"Male"
228,19,"Female"
230,153,"Male"
28,147,"Male"
49,1,"Male"
12,66,"Female"
181,88,"Female"
401,76,"Male"
287,116,"Female"
341,10,"Male"
193,169,"Male"
47,82,"Female"
326,8,"Female"
6,160,"Male"
15,174,"Male"
100,224,"Male"
59,68,"Female"
3,125,"Female"
88,139,"Male"
304,120,"Female"
187,42,"Female"
313,183,"Female"
119,119,"Female"
169,152,"Male"
18,67,"Female"
17,186,"Male"
216,234,"Female"
389,316,"Male"
9,70,"Female"
190,254,"Male"
114,53,"Male"
44,74,"Female"
108,13,"Male"
245,125,"Female"
303,194,"Male"
213,16,"Female"
56,13,"Male"
79,110,"Female"
68,19,"Female"
396,45,"Male"
264,230,"Female"
62,105,"Female"
323,142,"Male"
387,85,"Male"
208,60,"Male"
162,119,"Male"
395,183,"Male"
46,50,"Female"
140,88,"Female"
218,67,"Male"
281,9,"Male"
182,31,"Male"
103,103,"Female"
410,10,"Male"
394,233,"Male"
120,41,"Female"
99,207,"Female"
191,195,"Female"
131,65,"Male"
58,172,"Male"
138,385,"Male"
350,14,"Female"
128,32,"Male"
241,93,"Female"
75,162,"Male"
414,46,"Male"
95,155,"Female"
183,45,"Female"
405,65,"Female"
370,133,"Male"
386,125,"Female"
189,73,"Female"
222,94,"Female"
97,81,"Female"
403,166,"Male"
231,192,"Female"
259,20,"Female"
71,38,"Male"
65,47,"Female"
38,250,"Female"
60,200,"Female"
234,161,"Female"
37,25,"Male"
388,97,"Male"
1,102,"Male"
233,91,"Female"
219,181,"Male"
70,136,"Male"
379,157,"Female"
